,石油石化,煤炭,有色金属,电力及公用事业,钢铁,基础化工,建筑,建材,轻工制造,机械,电力设备及新能源,国防军工,汽车,商贸零售,消费者服务,家电,纺织服装,医药,农林牧渔,银行,房地产,交通运输,电子,通信,计算机,传媒,综合金融,酒类,饮料,食品,证券Ⅱ,保险Ⅱ,多元金融
20130106,0.0,0.0,0.0,0.0,0.0,0.0,0.0,0.0,0.0,0.0,0.0,0.0,0.0,0.0,0.0,0.0,0.0,0.0,0.0,0.0,0.0,0.0,0.0,0.0,0.0,0.0,0.0,0.0,0.0,0.0,0.0,0.0,0.0
20130113,0.0,-1.0,1.0,1.0,-1.0,0.0,0.0,1.0,1.0,0.0,0.0,-1.0,1.0,0.0,-1.0,0.0,0.0,0.0,0.0,0.0,0.0,0.0,0.0,0.0,-1.0,0.0,0.0,0.0,0.0,0.0,0.0,0.0,0.0
20130120,1.0,-1.0,1.0,0.0,0.0,0.0,0.0,1.0,0.0,-1.0,0.0,-1.0,0.0,0.0,0.0,0.0,0.0,0.0,0.0,-1.0,1.0,0.0,1.0,0.0,-1.0,0.0,0.0,0.0,0.0,0.0,0.0,0.0,0.0
20130127,1.0,-1.0,1.0,0.0,0.0,0.0,0.0,-1.0,1.0,0.0,0.0,0.0,1.0,0.0,-1.0,0.0,-1.0,0.0,0.0,-1.0,0.0,0.0,0.0,0.0,0.0,1.0,0.0,0.0,0.0,0.0,0.0,0.0,0.0
20130203,0.0,0.0,1.0,1.0,0.0,-1.0,0.0,0.0,-1.0,0.0,0.0,1.0,1.0,0.0,-1.0,0.0,-1.0,0.0,0.0,0.0,0.0,0.0,0.0,0.0,-1.0,1.0,0.0,0.0,0.0,0.0,0.0,0.0,0.0
20130210,0.0,0.0,0.0,1.0,-1.0,0.0,0.0,0.0,-1.0,0.0,0.0,1.0,0.0,0.0,-1.0,1.0,0.0,0.0,1.0,-1.0,-1.0,0.0,0.0,1.0,0.0,0.0,0.0,0.0,0.0,0.0,0.0,0.0,0.0
20130217,-1.0,-1.0,0.0,0.0,0.0,0.0,0.0,1.0,0.0,1.0,1.0,0.0,0.0,0.0,-1.0,0.0,0.0,1.0,0.0,-1.0,0.0,0.0,0.0,0.0,1.0,-1.0,0.0,0.0,0.0,0.0,0.0,0.0,0.0
20130224,1.0,0.0,0.0,0.0,0.0,-1.0,0.0,1.0,0.0,-1.0,0.0,1.0,1.0,-1.0,0.0,0.0,0.0,-1.0,0.0,0.0,0.0,0.0,0.0,0.0,-1.0,1.0,0.0,0.0,0.0,0.0,0.0,0.0,0.0
20130303,1.0,0.0,0.0,1.0,0.0,-1.0,1.0,0.0,-1.0,0.0,0.0,0.0,0.0,0.0,0.0,0.0,-1.0,-1.0,0.0,0.0,1.0,1.0,0.0,0.0,-1.0,0.0,0.0,0.0,0.0,0.0,0.0,0.0,0.0
20130310,1.0,1.0,0.0,0.0,0.0,0.0,0.0,0.0,0.0,-1.0,0.0,1.0,1.0,-1.0,0.0,0.0,0.0,-1.0,0.0,0.0,0.0,0.0,1.0,0.0,-1.0,-1.0,0.0,0.0,0.0,0.0,0.0,0.0,0.0
20130317,0.0,1.0,0.0,0.0,0.0,-1.0,0.0,1.0,-1.0,-1.0,-1.0,1.0,1.0,0.0,0.0,0.0,-1.0,0.0,0.0,0.0,1.0,0.0,0.0,0.0,0.0,0.0,0.0,0.0,0.0,0.0,0.0,0.0,0.0
20130324,0.0,0.0,-1.0,0.0,-1.0,0.0,0.0,1.0,-1.0,0.0,0.0,1.0,0.0,1.0,0.0,0.0,0.0,0.0,0.0,1.0,0.0,1.0,0.0,-1.0,0.0,-1.0,0.0,0.0,0.0,0.0,0.0,0.0,0.0
20130331,0.0,-1.0,-1.0,0.0,-1.0,0.0,0.0,1.0,-1.0,0.0,1.0,1.0,0.0,1.0,0.0,0.0,0.0,0.0,0.0,0.0,0.0,0.0,0.0,-1.0,1.0,0.0,0.0,0.0,0.0,0.0,0.0,0.0,0.0
20130407,1.0,0.0,-1.0,0.0,-1.0,-1.0,0.0,1.0,-1.0,0.0,0.0,1.0,1.0,0.0,0.0,-1.0,0.0,0.0,0.0,0.0,0.0,0.0,0.0,0.0,1.0,0.0,0.0,0.0,0.0,0.0,0.0,0.0,0.0
20130414,0.0,-1.0,-1.0,0.0,-1.0,0.0,0.0,0.0,0.0,0.0,0.0,1.0,0.0,1.0,0.0,-1.0,0.0,0.0,-1.0,1.0,0.0,1.0,1.0,0.0,0.0,0.0,0.0,0.0,0.0,0.0,0.0,0.0,0.0
20130421,0.0,0.0,-1.0,0.0,-1.0,0.0,0.0,0.0,0.0,1.0,1.0,1.0,0.0,0.0,0.0,-1.0,0.0,0.0,-1.0,1.0,0.0,0.0,0.0,-1.0,1.0,0.0,0.0,0.0,0.0,0.0,0.0,0.0,0.0
20130428,0.0,0.0,0.0,0.0,0.0,-1.0,0.0,0.0,-1.0,1.0,1.0,1.0,0.0,1.0,0.0,0.0,-1.0,0.0,0.0,0.0,0.0,0.0,0.0,-1.0,1.0,-1.0,0.0,0.0,0.0,0.0,0.0,0.0,0.0
20130505,0.0,1.0,1.0,0.0,-1.0,1.0,0.0,1.0,0.0,0.0,0.0,0.0,0.0,-1.0,0.0,0.0,1.0,-1.0,0.0,0.0,0.0,0.0,0.0,-1.0,0.0,-1.0,0.0,0.0,0.0,0.0,0.0,0.0,0.0
20130512,-1.0,0.0,-1.0,0.0,-1.0,1.0,0.0,1.0,1.0,0.0,0.0,0.0,-1.0,0.0,1.0,0.0,1.0,0.0,0.0,0.0,0.0,0.0,0.0,0.0,0.0,-1.0,0.0,0.0,0.0,0.0,0.0,0.0,0.0
20130519,0.0,-1.0,-1.0,0.0,0.0,0.0,0.0,1.0,0.0,-1.0,0.0,0.0,-1.0,0.0,0.0,1.0,1.0,1.0,0.0,0.0,0.0,1.0,-1.0,0.0,0.0,0.0,0.0,0.0,0.0,0.0,0.0,0.0,0.0
20130526,0.0,0.0,-1.0,0.0,0.0,1.0,0.0,0.0,1.0,0.0,1.0,0.0,-1.0,0.0,0.0,0.0,1.0,0.0,-1.0,0.0,1.0,0.0,-1.0,0.0,0.0,-1.0,0.0,0.0,0.0,0.0,0.0,0.0,0.0
20130602,0.0,0.0,-1.0,0.0,0.0,1.0,0.0,0.0,1.0,0.0,1.0,0.0,-1.0,0.0,0.0,0.0,1.0,0.0,-1.0,0.0,1.0,0.0,-1.0,0.0,0.0,-1.0,0.0,0.0,0.0,0.0,0.0,0.0,0.0
20130609,0.0,0.0,-1.0,0.0,-1.0,1.0,0.0,0.0,1.0,0.0,0.0,-1.0,0.0,0.0,1.0,0.0,1.0,1.0,-1.0,0.0,0.0,0.0,-1.0,0.0,0.0,0.0,0.0,0.0,0.0,0.0,0.0,0.0,0.0
20130616,-1.0,0.0,-1.0,0.0,0.0,1.0,0.0,0.0,1.0,0.0,1.0,-1.0,0.0,0.0,0.0,0.0,1.0,0.0,-1.0,0.0,1.0,0.0,0.0,0.0,0.0,-1.0,0.0,0.0,0.0,0.0,0.0,0.0,0.0
20130623,-1.0,0.0,-1.0,0.0,-1.0,1.0,0.0,0.0,1.0,0.0,0.0,0.0,0.0,0.0,0.0,0.0,1.0,1.0,0.0,-1.0,1.0,-1.0,0.0,0.0,0.0,0.0,0.0,0.0,0.0,0.0,0.0,0.0,0.0
20130630,0.0,0.0,0.0,0.0,0.0,1.0,0.0,0.0,1.0,-1.0,0.0,0.0,1.0,0.0,0.0,0.0,1.0,1.0,0.0,-1.0,0.0,0.0,0.0,-1.0,-1.0,-1.0,0.0,0.0,0.0,0.0,0.0,0.0,0.0
20130707,1.0,0.0,0.0,0.0,-1.0,0.0,0.0,1.0,0.0,-1.0,-1.0,0.0,0.0,1.0,0.0,0.0,1.0,1.0,0.0,0.0,0.0,0.0,0.0,0.0,-1.0,-1.0,0.0,0.0,0.0,0.0,0.0,0.0,0.0
20130714,0.0,1.0,0.0,0.0,0.0,-1.0,0.0,0.0,0.0,-1.0,-1.0,1.0,0.0,0.0,0.0,0.0,0.0,1.0,0.0,1.0,0.0,0.0,0.0,-1.0,-1.0,1.0,0.0,0.0,0.0,0.0,0.0,0.0,0.0
20130721,1.0,1.0,0.0,0.0,1.0,-1.0,0.0,0.0,0.0,-1.0,-1.0,1.0,0.0,0.0,0.0,0.0,0.0,0.0,0.0,1.0,0.0,0.0,-1.0,0.0,-1.0,0.0,0.0,0.0,0.0,0.0,0.0,0.0,0.0
20130728,1.0,1.0,0.0,0.0,0.0,0.0,-1.0,0.0,0.0,0.0,0.0,0.0,1.0,0.0,0.0,0.0,1.0,0.0,0.0,0.0,1.0,0.0,-1.0,-1.0,-1.0,-1.0,0.0,0.0,0.0,0.0,0.0,0.0,0.0
20130804,1.0,1.0,0.0,0.0,0.0,-1.0,0.0,0.0,-1.0,0.0,-1.0,1.0,0.0,1.0,0.0,0.0,0.0,0.0,0.0,1.0,0.0,0.0,0.0,0.0,-1.0,-1.0,0.0,0.0,0.0,0.0,0.0,0.0,0.0
20130811,1.0,0.0,0.0,0.0,0.0,0.0,0.0,0.0,0.0,0.0,-1.0,1.0,-1.0,1.0,0.0,0.0,-1.0,0.0,0.0,1.0,0.0,1.0,0.0,-1.0,-1.0,0.0,0.0,0.0,0.0,0.0,0.0,0.0,0.0
20130818,1.0,0.0,0.0,0.0,0.0,-1.0,0.0,-1.0,-1.0,0.0,0.0,1.0,0.0,1.0,0.0,0.0,-1.0,0.0,0.0,1.0,1.0,0.0,0.0,0.0,-1.0,0.0,0.0,0.0,0.0,0.0,0.0,0.0,0.0
20130825,1.0,0.0,0.0,0.0,1.0,-1.0,0.0,0.0,-1.0,0.0,0.0,0.0,-1.0,0.0,0.0,0.0,-1.0,0.0,1.0,1.0,1.0,0.0,0.0,0.0,0.0,-1.0,0.0,0.0,0.0,0.0,0.0,0.0,0.0
20130901,0.0,1.0,0.0,1.0,0.0,-1.0,0.0,1.0,0.0,0.0,0.0,0.0,-1.0,0.0,-1.0,0.0,-1.0,0.0,1.0,0.0,0.0,0.0,0.0,1.0,-1.0,0.0,0.0,0.0,0.0,0.0,0.0,0.0,0.0
20130908,1.0,1.0,0.0,0.0,0.0,0.0,0.0,1.0,0.0,-1.0,-1.0,0.0,-1.0,0.0,0.0,0.0,0.0,0.0,-1.0,1.0,1.0,0.0,0.0,0.0,-1.0,0.0,0.0,0.0,0.0,0.0,0.0,0.0,0.0
20130915,1.0,1.0,0.0,0.0,1.0,0.0,0.0,0.0,0.0,-1.0,0.0,-1.0,0.0,-1.0,1.0,0.0,0.0,1.0,0.0,0.0,0.0,0.0,0.0,0.0,-1.0,-1.0,0.0,0.0,0.0,0.0,0.0,0.0,0.0
20130922,1.0,1.0,1.0,0.0,0.0,0.0,0.0,1.0,0.0,0.0,0.0,0.0,-1.0,-1.0,0.0,-1.0,0.0,0.0,0.0,1.0,0.0,0.0,0.0,0.0,-1.0,-1.0,0.0,0.0,0.0,0.0,0.0,0.0,0.0
20130929,1.0,1.0,0.0,0.0,0.0,0.0,0.0,0.0,0.0,0.0,0.0,0.0,1.0,-1.0,1.0,0.0,0.0,0.0,0.0,0.0,1.0,0.0,-1.0,-1.0,-1.0,-1.0,0.0,0.0,0.0,0.0,0.0,0.0,0.0
20131006,0.0,1.0,0.0,0.0,0.0,1.0,0.0,0.0,1.0,0.0,0.0,0.0,0.0,-1.0,0.0,-1.0,1.0,0.0,0.0,0.0,1.0,-1.0,0.0,-1.0,0.0,-1.0,0.0,0.0,0.0,0.0,0.0,0.0,0.0
20131013,1.0,1.0,0.0,0.0,1.0,-1.0,0.0,1.0,-1.0,0.0,0.0,0.0,0.0,-1.0,0.0,0.0,0.0,0.0,0.0,1.0,0.0,0.0,0.0,0.0,-1.0,-1.0,0.0,0.0,0.0,0.0,0.0,0.0,0.0
20131020,1.0,0.0,1.0,-1.0,0.0,0.0,0.0,0.0,0.0,0.0,0.0,0.0,1.0,-1.0,0.0,0.0,0.0,0.0,-1.0,1.0,1.0,0.0,0.0,0.0,-1.0,-1.0,0.0,0.0,0.0,0.0,0.0,0.0,0.0
20131027,1.0,0.0,1.0,0.0,0.0,-1.0,0.0,0.0,-1.0,0.0,0.0,1.0,0.0,0.0,0.0,0.0,-1.0,-1.0,0.0,1.0,1.0,0.0,0.0,0.0,0.0,-1.0,0.0,0.0,0.0,0.0,0.0,0.0,0.0
20131103,0.0,1.0,1.0,0.0,-1.0,-1.0,0.0,0.0,-1.0,0.0,0.0,1.0,0.0,0.0,0.0,0.0,-1.0,0.0,0.0,0.0,0.0,1.0,0.0,1.0,0.0,-1.0,0.0,0.0,0.0,0.0,0.0,0.0,0.0
20131110,0.0,0.0,0.0,-1.0,-1.0,1.0,-1.0,0.0,0.0,0.0,0.0,0.0,0.0,-1.0,0.0,0.0,1.0,0.0,-1.0,1.0,0.0,0.0,0.0,1.0,0.0,1.0,0.0,0.0,0.0,0.0,0.0,0.0,0.0
20131117,0.0,1.0,0.0,0.0,0.0,0.0,-1.0,0.0,1.0,0.0,0.0,-1.0,1.0,-1.0,1.0,0.0,1.0,0.0,-1.0,0.0,0.0,0.0,-1.0,0.0,0.0,0.0,0.0,0.0,0.0,0.0,0.0,0.0,0.0
20131124,0.0,-1.0,1.0,0.0,0.0,0.0,0.0,0.0,0.0,-1.0,-1.0,-1.0,0.0,0.0,1.0,1.0,0.0,0.0,0.0,1.0,0.0,0.0,-1.0,1.0,0.0,0.0,0.0,0.0,0.0,0.0,0.0,0.0,0.0
20131201,-1.0,0.0,0.0,0.0,-1.0,1.0,0.0,0.0,0.0,0.0,0.0,-1.0,-1.0,0.0,1.0,1.0,1.0,0.0,0.0,0.0,0.0,0.0,-1.0,1.0,0.0,0.0,0.0,0.0,0.0,0.0,0.0,0.0,0.0
20131208,1.0,0.0,0.0,0.0,-1.0,1.0,0.0,-1.0,0.0,0.0,0.0,0.0,0.0,0.0,1.0,0.0,1.0,1.0,0.0,0.0,0.0,0.0,-1.0,-1.0,-1.0,0.0,0.0,0.0,0.0,0.0,0.0,0.0,0.0
20131215,1.0,1.0,0.0,0.0,-1.0,1.0,-1.0,0.0,0.0,0.0,0.0,0.0,0.0,0.0,1.0,-1.0,1.0,0.0,-1.0,0.0,0.0,0.0,0.0,0.0,0.0,-1.0,0.0,0.0,0.0,0.0,0.0,0.0,0.0
20131222,1.0,0.0,0.0,-1.0,-1.0,0.0,0.0,-1.0,0.0,0.0,0.0,0.0,1.0,0.0,1.0,0.0,1.0,0.0,-1.0,0.0,0.0,1.0,0.0,0.0,0.0,-1.0,0.0,0.0,0.0,0.0,0.0,0.0,0.0
20131229,1.0,0.0,0.0,0.0,-1.0,1.0,-1.0,0.0,0.0,0.0,0.0,0.0,1.0,0.0,1.0,0.0,1.0,0.0,-1.0,0.0,0.0,0.0,-1.0,0.0,-1.0,0.0,0.0,0.0,0.0,0.0,0.0,0.0,0.0
20140105,1.0,0.0,0.0,1.0,-1.0,0.0,0.0,0.0,-1.0,0.0,0.0,1.0,0.0,1.0,1.0,0.0,0.0,0.0,0.0,0.0,-1.0,0.0,-1.0,0.0,-1.0,0.0,0.0,0.0,0.0,0.0,0.0,0.0,0.0
20140112,0.0,1.0,0.0,0.0,-1.0,1.0,-1.0,0.0,0.0,0.0,0.0,1.0,0.0,0.0,1.0,-1.0,1.0,0.0,0.0,0.0,0.0,0.0,-1.0,0.0,-1.0,0.0,0.0,0.0,0.0,0.0,0.0,0.0,0.0
20140119,1.0,0.0,0.0,0.0,1.0,-1.0,0.0,0.0,-1.0,-1.0,-1.0,0.0,1.0,0.0,0.0,0.0,-1.0,0.0,0.0,0.0,0.0,0.0,0.0,0.0,1.0,1.0,0.0,0.0,0.0,0.0,0.0,0.0,0.0
20140126,0.0,0.0,0.0,0.0,0.0,-1.0,0.0,1.0,-1.0,0.0,0.0,1.0,1.0,1.0,0.0,0.0,-1.0,0.0,0.0,0.0,1.0,0.0,0.0,0.0,-1.0,-1.0,0.0,0.0,0.0,0.0,0.0,0.0,0.0
20140202,0.0,0.0,0.0,0.0,0.0,0.0,1.0,1.0,-1.0,-1.0,0.0,0.0,1.0,0.0,-1.0,1.0,0.0,0.0,0.0,0.0,0.0,0.0,0.0,1.0,-1.0,-1.0,0.0,0.0,0.0,0.0,0.0,0.0,0.0
20140209,-1.0,0.0,0.0,0.0,-1.0,1.0,0.0,0.0,1.0,0.0,0.0,0.0,0.0,0.0,0.0,1.0,1.0,0.0,-1.0,0.0,0.0,0.0,0.0,1.0,-1.0,-1.0,0.0,0.0,0.0,0.0,0.0,0.0,0.0
20140216,1.0,0.0,0.0,0.0,0.0,-1.0,0.0,0.0,0.0,-1.0,-1.0,0.0,-1.0,0.0,0.0,1.0,0.0,0.0,0.0,0.0,1.0,1.0,0.0,0.0,-1.0,1.0,0.0,0.0,0.0,0.0,0.0,0.0,0.0
20140223,-1.0,1.0,0.0,0.0,-1.0,1.0,0.0,0.0,0.0,0.0,0.0,0.0,-1.0,-1.0,0.0,0.0,1.0,0.0,0.0,0.0,1.0,0.0,0.0,0.0,-1.0,1.0,0.0,0.0,0.0,0.0,0.0,0.0,0.0
20140302,-1.0,1.0,1.0,0.0,0.0,1.0,0.0,0.0,0.0,0.0,1.0,0.0,-1.0,0.0,0.0,0.0,0.0,0.0,1.0,0.0,0.0,0.0,-1.0,-1.0,-1.0,0.0,0.0,0.0,0.0,0.0,0.0,0.0,0.0
20140309,0.0,0.0,0.0,-1.0,0.0,1.0,0.0,0.0,1.0,0.0,0.0,-1.0,-1.0,0.0,1.0,0.0,1.0,0.0,0.0,0.0,-1.0,0.0,0.0,0.0,-1.0,1.0,0.0,0.0,0.0,0.0,0.0,0.0,0.0
20140316,0.0,0.0,0.0,-1.0,1.0,1.0,0.0,0.0,1.0,0.0,0.0,-1.0,0.0,-1.0,0.0,0.0,1.0,0.0,0.0,-1.0,0.0,0.0,0.0,0.0,-1.0,1.0,0.0,0.0,0.0,0.0,0.0,0.0,0.0
20140323,0.0,1.0,1.0,0.0,1.0,0.0,0.0,0.0,0.0,-1.0,-1.0,0.0,-1.0,1.0,0.0,0.0,0.0,0.0,0.0,0.0,0.0,0.0,0.0,-1.0,-1.0,1.0,0.0,0.0,0.0,0.0,0.0,0.0,0.0
20140330,0.0,1.0,0.0,0.0,0.0,0.0,0.0,0.0,0.0,-1.0,-1.0,0.0,0.0,1.0,0.0,0.0,-1.0,0.0,1.0,-1.0,1.0,0.0,0.0,0.0,-1.0,1.0,0.0,0.0,0.0,0.0,0.0,0.0,0.0
20140406,0.0,1.0,0.0,0.0,-1.0,0.0,0.0,0.0,0.0,-1.0,0.0,0.0,1.0,1.0,0.0,0.0,0.0,0.0,0.0,-1.0,0.0,1.0,-1.0,0.0,-1.0,1.0,0.0,0.0,0.0,0.0,0.0,0.0,0.0
20140413,1.0,1.0,1.0,0.0,1.0,-1.0,-1.0,0.0,0.0,0.0,0.0,0.0,0.0,0.0,0.0,0.0,-1.0,0.0,0.0,0.0,1.0,0.0,-1.0,0.0,0.0,-1.0,0.0,0.0,0.0,0.0,0.0,0.0,0.0
20140420,1.0,1.0,0.0,0.0,1.0,-1.0,0.0,-1.0,0.0,0.0,0.0,0.0,0.0,1.0,0.0,0.0,-1.0,0.0,0.0,0.0,1.0,0.0,-1.0,-1.0,0.0,0.0,0.0,0.0,0.0,0.0,0.0,0.0,0.0
20140427,1.0,1.0,1.0,0.0,0.0,-1.0,0.0,0.0,-1.0,0.0,0.0,0.0,-1.0,0.0,0.0,0.0,-1.0,0.0,0.0,0.0,1.0,1.0,-1.0,0.0,0.0,0.0,0.0,0.0,0.0,0.0,0.0,0.0,0.0
20140504,0.0,1.0,1.0,0.0,0.0,-1.0,0.0,0.0,-1.0,0.0,0.0,1.0,0.0,0.0,-1.0,0.0,-1.0,0.0,0.0,-1.0,1.0,0.0,0.0,0.0,0.0,1.0,0.0,0.0,0.0,0.0,0.0,0.0,0.0
20140511,1.0,0.0,0.0,0.0,-1.0,0.0,0.0,0.0,0.0,-1.0,-1.0,1.0,-1.0,1.0,0.0,0.0,0.0,1.0,0.0,0.0,0.0,0.0,0.0,0.0,-1.0,1.0,0.0,0.0,0.0,0.0,0.0,0.0,0.0
20140518,0.0,-1.0,0.0,0.0,1.0,0.0,0.0,0.0,1.0,-1.0,-1.0,0.0,0.0,0.0,1.0,0.0,0.0,0.0,0.0,0.0,1.0,0.0,0.0,-1.0,-1.0,1.0,0.0,0.0,0.0,0.0,0.0,0.0,0.0
20140525,0.0,-1.0,0.0,0.0,0.0,1.0,0.0,0.0,1.0,0.0,0.0,-1.0,-1.0,0.0,1.0,0.0,1.0,0.0,0.0,0.0,0.0,0.0,0.0,-1.0,-1.0,1.0,0.0,0.0,0.0,0.0,0.0,0.0,0.0
20140601,0.0,1.0,0.0,0.0,0.0,0.0,-1.0,0.0,1.0,-1.0,0.0,0.0,-1.0,0.0,1.0,0.0,0.0,0.0,0.0,1.0,0.0,0.0,-1.0,0.0,-1.0,1.0,0.0,0.0,0.0,0.0,0.0,0.0,0.0
20140608,0.0,1.0,0.0,0.0,0.0,1.0,-1.0,0.0,1.0,-1.0,0.0,0.0,0.0,0.0,1.0,0.0,1.0,0.0,0.0,0.0,-1.0,0.0,-1.0,-1.0,0.0,0.0,0.0,0.0,0.0,0.0,0.0,0.0,0.0
20140615,0.0,1.0,0.0,0.0,1.0,0.0,0.0,0.0,1.0,-1.0,-1.0,0.0,0.0,0.0,1.0,-1.0,1.0,0.0,0.0,0.0,0.0,0.0,-1.0,-1.0,0.0,0.0,0.0,0.0,0.0,0.0,0.0,0.0,0.0
20140622,0.0,0.0,0.0,0.0,0.0,0.0,0.0,0.0,1.0,-1.0,-1.0,0.0,0.0,1.0,1.0,0.0,0.0,1.0,0.0,0.0,1.0,0.0,-1.0,0.0,-1.0,-1.0,0.0,0.0,0.0,0.0,0.0,0.0,0.0
20140629,0.0,0.0,0.0,0.0,0.0,1.0,0.0,0.0,1.0,-1.0,-1.0,0.0,0.0,1.0,0.0,0.0,1.0,0.0,0.0,0.0,0.0,1.0,0.0,-1.0,-1.0,-1.0,0.0,0.0,0.0,0.0,0.0,0.0,0.0
20140706,0.0,1.0,0.0,0.0,-1.0,1.0,0.0,0.0,1.0,-1.0,0.0,-1.0,0.0,0.0,0.0,0.0,1.0,1.0,0.0,0.0,0.0,0.0,-1.0,0.0,-1.0,0.0,0.0,0.0,0.0,0.0,0.0,0.0,0.0
20140713,1.0,0.0,0.0,0.0,0.0,0.0,0.0,0.0,1.0,-1.0,-1.0,-1.0,-1.0,1.0,0.0,0.0,0.0,0.0,0.0,0.0,0.0,1.0,0.0,0.0,-1.0,1.0,0.0,0.0,0.0,0.0,0.0,0.0,0.0
20140720,1.0,0.0,0.0,0.0,0.0,1.0,0.0,0.0,1.0,-1.0,-1.0,-1.0,-1.0,0.0,0.0,0.0,0.0,0.0,0.0,1.0,1.0,0.0,0.0,0.0,-1.0,0.0,0.0,0.0,0.0,0.0,0.0,0.0,0.0
20140727,0.0,-1.0,-1.0,0.0,0.0,1.0,0.0,0.0,1.0,0.0,0.0,-1.0,-1.0,0.0,0.0,0.0,1.0,1.0,0.0,0.0,0.0,0.0,0.0,0.0,-1.0,1.0,0.0,0.0,0.0,0.0,0.0,0.0,0.0
20140803,1.0,-1.0,-1.0,0.0,0.0,0.0,0.0,0.0,1.0,0.0,0.0,0.0,-1.0,0.0,-1.0,0.0,0.0,1.0,0.0,0.0,1.0,0.0,0.0,0.0,-1.0,1.0,0.0,0.0,0.0,0.0,0.0,0.0,0.0
20141221,0.0,0.0,0.0,0.0,0.0,0.0,-1.0,1.0,0.0,-1.0,-1.0,0.0,-1.0,0.0,0.0,0.0,0.0,1.0,0.0,1.0,1.0,0.0,0.0,0.0,-1.0,1.0,0.0,0.0,0.0,0.0,0.0,0.0,0.0
20141228,1.0,0.0,0.0,0.0,1.0,0.0,-1.0,0.0,1.0,-1.0,-1.0,0.0,0.0,0.0,0.0,0.0,0.0,0.0,-1.0,1.0,1.0,0.0,0.0,0.0,-1.0,0.0,0.0,0.0,0.0,0.0,0.0,0.0,0.0
20150111,0.0,0.0,0.0,0.0,1.0,0.0,0.0,0.0,1.0,-1.0,-1.0,0.0,0.0,0.0,0.0,-1.0,1.0,0.0,-1.0,1.0,0.0,0.0,0.0,0.0,-1.0,1.0,0.0,0.0,0.0,0.0,0.0,0.0,0.0
20150118,0.0,0.0,-1.0,0.0,0.0,1.0,-1.0,0.0,1.0,-1.0,-1.0,0.0,0.0,0.0,0.0,0.0,1.0,0.0,-1.0,0.0,1.0,0.0,0.0,0.0,0.0,1.0,0.0,0.0,0.0,0.0,0.0,0.0,0.0
20150125,1.0,0.0,-1.0,0.0,1.0,0.0,0.0,0.0,1.0,-1.0,-1.0,0.0,1.0,0.0,0.0,0.0,0.0,0.0,-1.0,0.0,1.0,0.0,0.0,-1.0,0.0,0.0,0.0,0.0,0.0,0.0,0.0,0.0,0.0
20150201,0.0,0.0,0.0,0.0,0.0,0.0,-1.0,1.0,0.0,-1.0,-1.0,0.0,1.0,0.0,-1.0,1.0,0.0,0.0,-1.0,0.0,1.0,0.0,0.0,0.0,0.0,1.0,0.0,0.0,0.0,0.0,0.0,0.0,0.0
20150208,0.0,0.0,0.0,-1.0,-1.0,1.0,-1.0,0.0,1.0,-1.0,0.0,0.0,0.0,0.0,0.0,0.0,1.0,0.0,-1.0,0.0,1.0,0.0,0.0,0.0,0.0,1.0,0.0,0.0,0.0,0.0,0.0,0.0,0.0
20150215,0.0,0.0,0.0,0.0,0.0,0.0,0.0,1.0,1.0,-1.0,-1.0,0.0,0.0,1.0,0.0,0.0,0.0,0.0,-1.0,0.0,1.0,0.0,0.0,-1.0,-1.0,1.0,0.0,0.0,0.0,0.0,0.0,0.0,0.0
20150222,0.0,0.0,0.0,0.0,1.0,0.0,0.0,1.0,0.0,-1.0,-1.0,0.0,-1.0,1.0,0.0,1.0,0.0,0.0,0.0,0.0,1.0,0.0,0.0,0.0,-1.0,-1.0,0.0,0.0,0.0,0.0,0.0,0.0,0.0
20150301,-1.0,0.0,0.0,0.0,0.0,0.0,0.0,1.0,-1.0,0.0,0.0,0.0,0.0,1.0,-1.0,1.0,-1.0,0.0,0.0,0.0,1.0,0.0,0.0,-1.0,0.0,1.0,0.0,0.0,0.0,0.0,0.0,0.0,0.0
20150308,1.0,0.0,0.0,-1.0,0.0,0.0,0.0,1.0,1.0,-1.0,0.0,0.0,0.0,0.0,0.0,0.0,0.0,0.0,-1.0,0.0,1.0,1.0,0.0,-1.0,-1.0,0.0,0.0,0.0,0.0,0.0,0.0,0.0,0.0
20150315,1.0,0.0,0.0,0.0,0.0,-1.0,-1.0,0.0,0.0,-1.0,-1.0,0.0,0.0,1.0,1.0,0.0,-1.0,0.0,0.0,0.0,1.0,0.0,0.0,0.0,0.0,1.0,0.0,0.0,0.0,0.0,0.0,0.0,0.0
20150322,1.0,0.0,0.0,0.0,0.0,-1.0,-1.0,0.0,0.0,-1.0,-1.0,0.0,0.0,1.0,0.0,0.0,-1.0,0.0,0.0,0.0,1.0,0.0,1.0,0.0,0.0,1.0,0.0,0.0,0.0,0.0,0.0,0.0,0.0
20150329,0.0,0.0,0.0,0.0,0.0,-1.0,0.0,1.0,-1.0,-1.0,-1.0,1.0,0.0,1.0,0.0,0.0,-1.0,0.0,0.0,0.0,1.0,0.0,0.0,0.0,0.0,1.0,0.0,0.0,0.0,0.0,0.0,0.0,0.0
20150405,1.0,0.0,0.0,0.0,1.0,1.0,-1.0,1.0,0.0,0.0,0.0,0.0,-1.0,0.0,-1.0,0.0,0.0,0.0,-1.0,0.0,0.0,0.0,0.0,0.0,-1.0,1.0,0.0,0.0,0.0,0.0,0.0,0.0,0.0
20150412,0.0,0.0,-1.0,0.0,0.0,0.0,-1.0,1.0,1.0,-1.0,0.0,0.0,0.0,1.0,-1.0,0.0,1.0,0.0,0.0,1.0,0.0,0.0,0.0,0.0,-1.0,0.0,0.0,0.0,0.0,0.0,0.0,0.0,0.0
20150419,0.0,1.0,0.0,0.0,1.0,-1.0,-1.0,0.0,0.0,-1.0,-1.0,0.0,0.0,0.0,0.0,0.0,0.0,0.0,-1.0,1.0,1.0,0.0,0.0,0.0,0.0,1.0,0.0,0.0,0.0,0.0,0.0,0.0,0.0
20150426,0.0,1.0,0.0,0.0,1.0,-1.0,-1.0,1.0,0.0,0.0,0.0,-1.0,-1.0,0.0,0.0,0.0,-1.0,0.0,0.0,0.0,1.0,0.0,0.0,0.0,0.0,1.0,0.0,0.0,0.0,0.0,0.0,0.0,0.0
20150503,-1.0,0.0,0.0,0.0,0.0,-1.0,0.0,0.0,0.0,0.0,1.0,0.0,-1.0,0.0,-1.0,0.0,-1.0,1.0,0.0,0.0,1.0,0.0,1.0,0.0,0.0,1.0,0.0,0.0,0.0,0.0,0.0,0.0,0.0
20150510,-1.0,0.0,-1.0,-1.0,0.0,1.0,-1.0,0.0,1.0,0.0,0.0,0.0,0.0,0.0,0.0,0.0,1.0,0.0,0.0,0.0,1.0,0.0,0.0,0.0,-1.0,1.0,0.0,0.0,0.0,0.0,0.0,0.0,0.0
20150517,-1.0,0.0,-1.0,0.0,0.0,1.0,-1.0,0.0,1.0,0.0,0.0,0.0,0.0,0.0,1.0,0.0,1.0,1.0,-1.0,0.0,0.0,0.0,0.0,0.0,0.0,-1.0,0.0,0.0,0.0,0.0,0.0,0.0,0.0
20150524,0.0,0.0,-1.0,0.0,0.0,0.0,-1.0,0.0,1.0,-1.0,-1.0,0.0,0.0,0.0,1.0,0.0,0.0,0.0,-1.0,1.0,1.0,0.0,0.0,0.0,0.0,1.0,0.0,0.0,0.0,0.0,0.0,0.0,0.0
20150531,0.0,0.0,-1.0,-1.0,0.0,0.0,-1.0,0.0,1.0,0.0,0.0,-1.0,0.0,0.0,1.0,0.0,1.0,0.0,-1.0,0.0,1.0,0.0,0.0,0.0,0.0,1.0,0.0,0.0,0.0,0.0,0.0,0.0,0.0
20150607,-1.0,0.0,-1.0,-1.0,0.0,1.0,-1.0,0.0,1.0,0.0,0.0,0.0,0.0,0.0,1.0,0.0,1.0,0.0,-1.0,1.0,0.0,0.0,0.0,0.0,0.0,0.0,0.0,0.0,0.0,0.0,0.0,0.0,0.0
20150614,0.0,0.0,-1.0,0.0,1.0,1.0,-1.0,0.0,1.0,-1.0,0.0,0.0,-1.0,0.0,1.0,0.0,1.0,0.0,-1.0,0.0,0.0,0.0,0.0,0.0,0.0,0.0,0.0,0.0,0.0,0.0,0.0,0.0,0.0
20150621,0.0,0.0,0.0,-1.0,0.0,1.0,-1.0,0.0,1.0,0.0,0.0,-1.0,0.0,-1.0,1.0,0.0,1.0,0.0,-1.0,0.0,0.0,0.0,0.0,0.0,0.0,1.0,0.0,0.0,0.0,0.0,0.0,0.0,0.0
20150628,0.0,0.0,0.0,-1.0,1.0,1.0,-1.0,0.0,1.0,-1.0,0.0,0.0,0.0,0.0,0.0,0.0,1.0,0.0,-1.0,0.0,0.0,-1.0,0.0,0.0,0.0,1.0,0.0,0.0,0.0,0.0,0.0,0.0,0.0
20150705,0.0,0.0,-1.0,-1.0,1.0,1.0,-1.0,0.0,1.0,0.0,0.0,0.0,0.0,-1.0,1.0,0.0,1.0,0.0,-1.0,0.0,0.0,0.0,0.0,0.0,0.0,0.0,0.0,0.0,0.0,0.0,0.0,0.0,0.0
20150712,0.0,1.0,0.0,-1.0,1.0,0.0,0.0,-1.0,1.0,0.0,0.0,0.0,0.0,-1.0,1.0,0.0,0.0,-1.0,0.0,0.0,0.0,0.0,0.0,-1.0,0.0,1.0,0.0,0.0,0.0,0.0,0.0,0.0,0.0
20150719,0.0,1.0,0.0,-1.0,1.0,0.0,0.0,-1.0,0.0,0.0,0.0,0.0,1.0,-1.0,1.0,0.0,0.0,-1.0,0.0,0.0,0.0,0.0,0.0,-1.0,1.0,0.0,0.0,0.0,0.0,0.0,0.0,0.0,0.0
20150726,0.0,1.0,0.0,-1.0,1.0,0.0,0.0,-1.0,0.0,0.0,0.0,0.0,1.0,-1.0,1.0,0.0,0.0,-1.0,0.0,0.0,0.0,0.0,0.0,-1.0,1.0,0.0,0.0,0.0,0.0,0.0,0.0,0.0,0.0
20150802,0.0,1.0,0.0,-1.0,1.0,0.0,0.0,-1.0,0.0,0.0,1.0,0.0,0.0,-1.0,1.0,0.0,0.0,-1.0,0.0,0.0,0.0,0.0,0.0,-1.0,1.0,0.0,0.0,0.0,0.0,0.0,0.0,0.0,0.0
20150809,0.0,1.0,0.0,-1.0,1.0,1.0,0.0,-1.0,0.0,0.0,0.0,0.0,0.0,-1.0,1.0,0.0,1.0,-1.0,0.0,0.0,0.0,0.0,0.0,-1.0,0.0,0.0,0.0,0.0,0.0,0.0,0.0,0.0,0.0
20150816,0.0,1.0,0.0,-1.0,1.0,0.0,0.0,-1.0,0.0,1.0,1.0,0.0,0.0,-1.0,1.0,0.0,0.0,-1.0,0.0,0.0,0.0,0.0,0.0,-1.0,0.0,0.0,0.0,0.0,0.0,0.0,0.0,0.0,0.0
20150823,0.0,1.0,0.0,-1.0,1.0,0.0,0.0,-1.0,0.0,1.0,1.0,0.0,0.0,-1.0,1.0,0.0,0.0,-1.0,0.0,0.0,0.0,0.0,0.0,-1.0,0.0,0.0,0.0,0.0,0.0,0.0,0.0,0.0,0.0
20150830,0.0,1.0,0.0,-1.0,1.0,0.0,0.0,-1.0,0.0,1.0,1.0,0.0,0.0,-1.0,0.0,0.0,0.0,-1.0,0.0,0.0,0.0,0.0,0.0,-1.0,1.0,0.0,0.0,0.0,0.0,0.0,0.0,0.0,0.0
20150906,0.0,0.0,0.0,-1.0,1.0,0.0,0.0,-1.0,0.0,1.0,1.0,0.0,0.0,-1.0,0.0,0.0,1.0,-1.0,0.0,0.0,0.0,0.0,0.0,-1.0,1.0,0.0,0.0,0.0,0.0,0.0,0.0,0.0,0.0
20150913,0.0,0.0,0.0,-1.0,1.0,0.0,0.0,-1.0,0.0,1.0,1.0,0.0,0.0,-1.0,1.0,0.0,1.0,-1.0,0.0,0.0,0.0,0.0,0.0,-1.0,0.0,0.0,0.0,0.0,0.0,0.0,0.0,0.0,0.0
20150920,0.0,0.0,0.0,-1.0,1.0,0.0,0.0,-1.0,0.0,1.0,1.0,0.0,0.0,-1.0,1.0,0.0,1.0,-1.0,0.0,0.0,0.0,0.0,0.0,-1.0,0.0,0.0,0.0,0.0,0.0,0.0,0.0,0.0,0.0
20150927,0.0,0.0,0.0,-1.0,1.0,0.0,0.0,-1.0,0.0,1.0,1.0,0.0,0.0,-1.0,1.0,0.0,1.0,-1.0,0.0,0.0,0.0,0.0,0.0,-1.0,0.0,0.0,0.0,0.0,0.0,0.0,0.0,0.0,0.0
20151004,0.0,0.0,0.0,-1.0,1.0,0.0,0.0,-1.0,0.0,1.0,1.0,0.0,0.0,-1.0,1.0,0.0,1.0,-1.0,0.0,0.0,0.0,0.0,0.0,-1.0,0.0,0.0,0.0,0.0,0.0,0.0,0.0,0.0,0.0
20151011,0.0,0.0,0.0,-1.0,0.0,0.0,0.0,-1.0,0.0,1.0,1.0,0.0,0.0,-1.0,1.0,0.0,1.0,-1.0,0.0,0.0,0.0,0.0,0.0,-1.0,1.0,0.0,0.0,0.0,0.0,0.0,0.0,0.0,0.0
20151018,0.0,1.0,0.0,-1.0,1.0,0.0,0.0,-1.0,0.0,1.0,1.0,0.0,0.0,-1.0,1.0,0.0,0.0,-1.0,0.0,0.0,0.0,0.0,0.0,-1.0,0.0,0.0,0.0,0.0,0.0,0.0,0.0,0.0,0.0
20151025,0.0,0.0,0.0,-1.0,1.0,0.0,0.0,-1.0,0.0,1.0,1.0,0.0,0.0,-1.0,1.0,0.0,0.0,-1.0,0.0,0.0,0.0,0.0,0.0,-1.0,1.0,0.0,0.0,0.0,0.0,0.0,0.0,0.0,0.0
20151101,0.0,1.0,0.0,-1.0,1.0,0.0,0.0,-1.0,0.0,1.0,1.0,0.0,0.0,-1.0,0.0,0.0,0.0,-1.0,0.0,0.0,0.0,0.0,0.0,-1.0,1.0,0.0,0.0,0.0,0.0,0.0,0.0,0.0,0.0
20151108,0.0,0.0,0.0,-1.0,1.0,0.0,0.0,-1.0,0.0,1.0,1.0,0.0,0.0,-1.0,1.0,0.0,1.0,-1.0,0.0,0.0,0.0,0.0,0.0,-1.0,0.0,0.0,0.0,0.0,0.0,0.0,0.0,0.0,0.0
20151115,0.0,0.0,0.0,-1.0,1.0,0.0,0.0,-1.0,0.0,1.0,1.0,0.0,0.0,-1.0,1.0,0.0,1.0,-1.0,0.0,0.0,0.0,0.0,0.0,-1.0,0.0,0.0,0.0,0.0,0.0,0.0,0.0,0.0,0.0
20151122,0.0,0.0,0.0,-1.0,1.0,0.0,0.0,-1.0,0.0,1.0,1.0,0.0,0.0,-1.0,1.0,0.0,1.0,-1.0,0.0,0.0,0.0,0.0,0.0,-1.0,0.0,0.0,0.0,0.0,0.0,0.0,0.0,0.0,0.0
20151129,0.0,0.0,0.0,-1.0,1.0,0.0,0.0,-1.0,0.0,1.0,1.0,0.0,0.0,-1.0,1.0,0.0,0.0,-1.0,0.0,0.0,0.0,0.0,0.0,-1.0,1.0,0.0,0.0,0.0,0.0,0.0,0.0,0.0,0.0
20151206,0.0,1.0,0.0,-1.0,1.0,0.0,0.0,-1.0,0.0,0.0,1.0,0.0,0.0,-1.0,1.0,0.0,1.0,-1.0,0.0,0.0,0.0,0.0,0.0,-1.0,0.0,0.0,0.0,0.0,0.0,0.0,0.0,0.0,0.0
20151213,0.0,1.0,0.0,-1.0,1.0,0.0,0.0,-1.0,0.0,0.0,0.0,0.0,1.0,-1.0,1.0,0.0,1.0,-1.0,0.0,0.0,0.0,0.0,0.0,-1.0,0.0,0.0,0.0,0.0,0.0,0.0,0.0,0.0,0.0
20151220,0.0,0.0,0.0,-1.0,1.0,0.0,0.0,-1.0,0.0,1.0,1.0,0.0,1.0,-1.0,1.0,0.0,0.0,-1.0,0.0,0.0,0.0,0.0,0.0,-1.0,0.0,0.0,0.0,0.0,0.0,0.0,0.0,0.0,0.0
20151227,0.0,0.0,0.0,-1.0,1.0,0.0,0.0,-1.0,0.0,1.0,1.0,0.0,0.0,-1.0,1.0,0.0,0.0,-1.0,0.0,0.0,0.0,0.0,0.0,-1.0,1.0,0.0,0.0,0.0,0.0,0.0,0.0,0.0,0.0
20160103,0.0,1.0,0.0,-1.0,1.0,0.0,0.0,-1.0,0.0,0.0,1.0,0.0,0.0,-1.0,1.0,0.0,0.0,-1.0,0.0,0.0,0.0,0.0,0.0,-1.0,1.0,0.0,0.0,0.0,0.0,0.0,0.0,0.0,0.0
20160110,0.0,0.0,0.0,-1.0,0.0,0.0,0.0,-1.0,0.0,1.0,1.0,0.0,0.0,-1.0,1.0,0.0,1.0,-1.0,0.0,0.0,0.0,0.0,0.0,-1.0,1.0,0.0,0.0,0.0,0.0,0.0,0.0,0.0,0.0
20160117,0.0,0.0,0.0,0.0,0.0,0.0,0.0,-1.0,0.0,1.0,1.0,0.0,1.0,-1.0,1.0,-1.0,0.0,-1.0,0.0,0.0,0.0,0.0,0.0,-1.0,1.0,0.0,0.0,0.0,0.0,0.0,0.0,0.0,0.0
20160124,0.0,0.0,0.0,-1.0,1.0,0.0,0.0,-1.0,0.0,1.0,1.0,0.0,0.0,-1.0,1.0,0.0,1.0,-1.0,0.0,0.0,0.0,0.0,0.0,-1.0,0.0,0.0,0.0,0.0,0.0,0.0,0.0,0.0,0.0
20160131,0.0,0.0,0.0,-1.0,1.0,0.0,0.0,-1.0,0.0,1.0,1.0,0.0,0.0,-1.0,1.0,0.0,0.0,-1.0,0.0,0.0,0.0,0.0,0.0,-1.0,1.0,0.0,0.0,0.0,0.0,0.0,0.0,0.0,0.0
20160207,0.0,1.0,0.0,-1.0,0.0,0.0,0.0,-1.0,0.0,1.0,1.0,0.0,1.0,-1.0,1.0,0.0,0.0,-1.0,0.0,0.0,0.0,0.0,0.0,-1.0,0.0,0.0,0.0,0.0,0.0,0.0,0.0,0.0,0.0
20160214,-1.0,-1.0,0.0,0.0,0.0,1.0,1.0,0.0,1.0,0.0,0.0,0.0,-1.0,1.0,0.0,0.0,0.0,1.0,0.0,-1.0,0.0,0.0,0.0,0.0,0.0,-1.0,0.0,0.0,0.0,0.0,0.0,0.0,0.0
20160221,0.0,0.0,0.0,-1.0,0.0,1.0,0.0,-1.0,0.0,1.0,1.0,0.0,0.0,-1.0,1.0,0.0,1.0,-1.0,0.0,0.0,0.0,0.0,0.0,-1.0,0.0,0.0,0.0,0.0,0.0,0.0,0.0,0.0,0.0
20160228,0.0,0.0,0.0,-1.0,1.0,0.0,0.0,-1.0,0.0,1.0,1.0,0.0,0.0,-1.0,1.0,0.0,0.0,-1.0,0.0,0.0,0.0,0.0,0.0,-1.0,1.0,0.0,0.0,0.0,0.0,0.0,0.0,0.0,0.0
20160306,0.0,0.0,0.0,-1.0,1.0,0.0,0.0,-1.0,0.0,1.0,1.0,0.0,0.0,-1.0,1.0,0.0,0.0,-1.0,0.0,0.0,0.0,0.0,0.0,-1.0,1.0,0.0,0.0,0.0,0.0,0.0,0.0,0.0,0.0
20160313,0.0,0.0,0.0,-1.0,0.0,0.0,0.0,0.0,0.0,1.0,1.0,0.0,0.0,-1.0,1.0,-1.0,1.0,-1.0,0.0,0.0,0.0,0.0,0.0,-1.0,1.0,0.0,0.0,0.0,0.0,0.0,0.0,0.0,0.0
20160320,0.0,0.0,0.0,-1.0,1.0,0.0,0.0,-1.0,0.0,1.0,1.0,0.0,0.0,-1.0,1.0,0.0,0.0,-1.0,0.0,0.0,0.0,0.0,0.0,-1.0,1.0,0.0,0.0,0.0,0.0,0.0,0.0,0.0,0.0
20160327,0.0,1.0,0.0,-1.0,1.0,0.0,0.0,-1.0,0.0,1.0,1.0,0.0,0.0,-1.0,1.0,0.0,0.0,-1.0,0.0,0.0,0.0,0.0,0.0,-1.0,0.0,0.0,0.0,0.0,0.0,0.0,0.0,0.0,0.0
20160403,0.0,0.0,0.0,-1.0,1.0,0.0,0.0,0.0,0.0,1.0,1.0,0.0,0.0,-1.0,1.0,-1.0,0.0,-1.0,0.0,0.0,0.0,0.0,0.0,-1.0,1.0,0.0,0.0,0.0,0.0,0.0,0.0,0.0,0.0
20160410,0.0,0.0,0.0,-1.0,1.0,0.0,0.0,-1.0,0.0,1.0,1.0,0.0,0.0,-1.0,1.0,0.0,1.0,-1.0,0.0,0.0,0.0,0.0,0.0,-1.0,0.0,0.0,0.0,0.0,0.0,0.0,0.0,0.0,0.0
20160417,0.0,0.0,0.0,-1.0,0.0,0.0,0.0,-1.0,0.0,1.0,1.0,0.0,0.0,-1.0,1.0,0.0,1.0,-1.0,0.0,0.0,0.0,0.0,0.0,-1.0,1.0,0.0,0.0,0.0,0.0,0.0,0.0,0.0,0.0
20160424,0.0,0.0,0.0,-1.0,1.0,0.0,0.0,-1.0,0.0,1.0,1.0,0.0,0.0,-1.0,1.0,0.0,0.0,-1.0,0.0,0.0,0.0,0.0,0.0,-1.0,1.0,0.0,0.0,0.0,0.0,0.0,0.0,0.0,0.0
20160501,0.0,0.0,0.0,-1.0,1.0,0.0,0.0,-1.0,0.0,1.0,1.0,0.0,0.0,-1.0,1.0,0.0,0.0,-1.0,0.0,0.0,0.0,0.0,0.0,-1.0,1.0,0.0,0.0,0.0,0.0,0.0,0.0,0.0,0.0
20160508,0.0,0.0,0.0,-1.0,1.0,0.0,0.0,-1.0,0.0,1.0,1.0,0.0,0.0,-1.0,1.0,0.0,1.0,-1.0,0.0,0.0,0.0,0.0,0.0,-1.0,0.0,0.0,0.0,0.0,0.0,0.0,0.0,0.0,0.0
20160515,0.0,0.0,0.0,-1.0,1.0,0.0,0.0,-1.0,0.0,1.0,1.0,0.0,0.0,-1.0,1.0,0.0,0.0,-1.0,0.0,0.0,0.0,0.0,0.0,-1.0,1.0,0.0,0.0,0.0,0.0,0.0,0.0,0.0,0.0
20160522,0.0,0.0,0.0,0.0,0.0,0.0,0.0,-1.0,0.0,1.0,1.0,0.0,0.0,-1.0,1.0,-1.0,1.0,-1.0,0.0,0.0,0.0,0.0,0.0,-1.0,1.0,0.0,0.0,0.0,0.0,0.0,0.0,0.0,0.0
20160529,0.0,0.0,0.0,-1.0,0.0,1.0,0.0,-1.0,0.0,1.0,1.0,0.0,0.0,0.0,1.0,-1.0,0.0,0.0,0.0,0.0,0.0,-1.0,0.0,-1.0,1.0,0.0,0.0,0.0,0.0,0.0,0.0,0.0,0.0
20160605,0.0,0.0,0.0,-1.0,0.0,1.0,0.0,-1.0,0.0,1.0,1.0,0.0,0.0,0.0,1.0,-1.0,0.0,0.0,0.0,0.0,0.0,-1.0,0.0,-1.0,1.0,0.0,0.0,0.0,0.0,0.0,0.0,0.0,0.0
20160612,0.0,0.0,0.0,-1.0,0.0,1.0,0.0,-1.0,0.0,1.0,1.0,0.0,0.0,0.0,1.0,-1.0,0.0,0.0,0.0,0.0,0.0,-1.0,0.0,-1.0,1.0,0.0,0.0,0.0,0.0,0.0,0.0,0.0,0.0
20160619,0.0,0.0,0.0,-1.0,1.0,0.0,0.0,-1.0,0.0,1.0,1.0,0.0,0.0,0.0,1.0,-1.0,0.0,0.0,0.0,0.0,0.0,-1.0,0.0,-1.0,1.0,0.0,0.0,0.0,0.0,0.0,0.0,0.0,0.0
20160626,0.0,0.0,0.0,-1.0,1.0,0.0,0.0,-1.0,0.0,1.0,1.0,0.0,0.0,0.0,1.0,-1.0,0.0,0.0,0.0,0.0,0.0,-1.0,0.0,-1.0,1.0,0.0,0.0,0.0,0.0,0.0,0.0,0.0,0.0
20160703,0.0,0.0,0.0,-1.0,0.0,0.0,0.0,-1.0,0.0,1.0,1.0,0.0,0.0,0.0,1.0,-1.0,0.0,0.0,0.0,0.0,0.0,-1.0,0.0,-1.0,1.0,1.0,0.0,0.0,0.0,0.0,0.0,0.0,0.0
20160710,0.0,0.0,0.0,-1.0,0.0,0.0,0.0,-1.0,0.0,1.0,1.0,0.0,0.0,0.0,1.0,-1.0,1.0,0.0,0.0,0.0,0.0,-1.0,0.0,-1.0,1.0,0.0,0.0,0.0,0.0,0.0,0.0,0.0,0.0
20160717,0.0,0.0,0.0,-1.0,0.0,0.0,0.0,-1.0,0.0,1.0,1.0,0.0,0.0,0.0,1.0,-1.0,1.0,0.0,0.0,0.0,0.0,-1.0,0.0,-1.0,1.0,0.0,0.0,0.0,0.0,0.0,0.0,0.0,0.0
20160724,0.0,0.0,0.0,-1.0,0.0,0.0,0.0,-1.0,0.0,1.0,1.0,0.0,0.0,0.0,1.0,-1.0,1.0,0.0,0.0,0.0,0.0,-1.0,0.0,-1.0,1.0,0.0,0.0,0.0,0.0,0.0,0.0,0.0,0.0
20160731,0.0,0.0,0.0,-1.0,0.0,0.0,0.0,-1.0,0.0,1.0,1.0,0.0,0.0,0.0,1.0,-1.0,1.0,0.0,0.0,0.0,0.0,-1.0,0.0,-1.0,1.0,0.0,0.0,0.0,0.0,0.0,0.0,0.0,0.0
20160807,0.0,-1.0,0.0,0.0,-1.0,0.0,0.0,0.0,0.0,0.0,0.0,0.0,-1.0,1.0,-1.0,1.0,0.0,1.0,0.0,0.0,-1.0,1.0,0.0,1.0,0.0,0.0,0.0,0.0,0.0,0.0,0.0,0.0,0.0
20160814,0.0,-1.0,0.0,0.0,-1.0,0.0,0.0,0.0,0.0,0.0,0.0,0.0,-1.0,1.0,-1.0,1.0,0.0,1.0,0.0,0.0,-1.0,1.0,0.0,1.0,0.0,0.0,0.0,0.0,0.0,0.0,0.0,0.0,0.0
20160821,0.0,-1.0,0.0,0.0,-1.0,0.0,0.0,0.0,0.0,1.0,1.0,0.0,-1.0,1.0,-1.0,1.0,0.0,1.0,0.0,0.0,-1.0,0.0,0.0,0.0,0.0,0.0,0.0,0.0,0.0,0.0,0.0,0.0,0.0
20160828,0.0,-1.0,0.0,0.0,0.0,0.0,0.0,0.0,0.0,1.0,1.0,0.0,-1.0,1.0,-1.0,0.0,-1.0,1.0,0.0,0.0,-1.0,0.0,0.0,0.0,1.0,0.0,0.0,0.0,0.0,0.0,0.0,0.0,0.0
20160904,-1.0,-1.0,0.0,0.0,-1.0,0.0,0.0,0.0,0.0,1.0,1.0,0.0,-1.0,1.0,-1.0,0.0,0.0,1.0,0.0,0.0,0.0,0.0,0.0,0.0,0.0,1.0,0.0,0.0,0.0,0.0,0.0,0.0,0.0
20160911,0.0,-1.0,0.0,0.0,0.0,1.0,-1.0,0.0,1.0,0.0,1.0,0.0,-1.0,1.0,0.0,0.0,1.0,0.0,0.0,0.0,0.0,-1.0,-1.0,0.0,0.0,0.0,0.0,0.0,0.0,0.0,0.0,0.0,0.0
20160918,-1.0,-1.0,0.0,0.0,0.0,1.0,-1.0,-1.0,1.0,0.0,1.0,0.0,0.0,1.0,0.0,0.0,1.0,0.0,0.0,0.0,0.0,-1.0,0.0,0.0,0.0,0.0,0.0,0.0,0.0,0.0,0.0,0.0,0.0
20160925,-1.0,-1.0,0.0,0.0,-1.0,0.0,-1.0,0.0,0.0,1.0,1.0,0.0,0.0,1.0,0.0,0.0,1.0,1.0,0.0,0.0,0.0,-1.0,0.0,0.0,0.0,0.0,0.0,0.0,0.0,0.0,0.0,0.0,0.0
20161002,-1.0,-1.0,0.0,0.0,-1.0,0.0,-1.0,0.0,0.0,0.0,1.0,0.0,-1.0,1.0,0.0,0.0,1.0,1.0,0.0,0.0,0.0,0.0,0.0,1.0,0.0,0.0,0.0,0.0,0.0,0.0,0.0,0.0,0.0
20161009,-1.0,-1.0,0.0,0.0,-1.0,0.0,0.0,0.0,1.0,0.0,0.0,0.0,-1.0,1.0,0.0,1.0,0.0,1.0,0.0,-1.0,0.0,0.0,0.0,1.0,0.0,0.0,0.0,0.0,0.0,0.0,0.0,0.0,0.0
20161016,-1.0,-1.0,0.0,0.0,0.0,0.0,-1.0,-1.0,0.0,1.0,1.0,0.0,0.0,1.0,0.0,0.0,0.0,0.0,0.0,0.0,0.0,-1.0,0.0,0.0,1.0,1.0,0.0,0.0,0.0,0.0,0.0,0.0,0.0
20161023,-1.0,-1.0,0.0,0.0,0.0,0.0,-1.0,-1.0,0.0,1.0,1.0,0.0,0.0,1.0,0.0,0.0,0.0,1.0,0.0,1.0,0.0,-1.0,0.0,0.0,0.0,0.0,0.0,0.0,0.0,0.0,0.0,0.0,0.0
20161030,0.0,-1.0,0.0,0.0,0.0,-1.0,0.0,0.0,-1.0,1.0,1.0,0.0,0.0,1.0,-1.0,0.0,-1.0,0.0,0.0,1.0,0.0,0.0,0.0,0.0,1.0,0.0,0.0,0.0,0.0,0.0,0.0,0.0,0.0
20161106,0.0,-1.0,0.0,0.0,0.0,0.0,-1.0,0.0,0.0,1.0,1.0,0.0,0.0,1.0,-1.0,0.0,0.0,1.0,0.0,0.0,0.0,-1.0,0.0,0.0,1.0,-1.0,0.0,0.0,0.0,0.0,0.0,0.0,0.0
20161113,0.0,-1.0,-1.0,0.0,0.0,1.0,-1.0,0.0,0.0,1.0,1.0,0.0,0.0,1.0,0.0,0.0,1.0,0.0,0.0,0.0,0.0,-1.0,0.0,0.0,0.0,-1.0,0.0,0.0,0.0,0.0,0.0,0.0,0.0
20161120,0.0,-1.0,-1.0,-1.0,0.0,1.0,-1.0,0.0,0.0,1.0,1.0,0.0,0.0,0.0,0.0,0.0,1.0,0.0,0.0,0.0,0.0,-1.0,0.0,0.0,1.0,0.0,0.0,0.0,0.0,0.0,0.0,0.0,0.0
20161127,0.0,-1.0,-1.0,0.0,0.0,1.0,-1.0,0.0,1.0,1.0,1.0,0.0,0.0,0.0,0.0,-1.0,1.0,0.0,0.0,0.0,0.0,-1.0,0.0,0.0,0.0,0.0,0.0,0.0,0.0,0.0,0.0,0.0,0.0
20161204,-1.0,-1.0,0.0,0.0,0.0,1.0,-1.0,0.0,0.0,1.0,1.0,0.0,1.0,0.0,0.0,0.0,1.0,0.0,0.0,0.0,0.0,-1.0,0.0,-1.0,0.0,0.0,0.0,0.0,0.0,0.0,0.0,0.0,0.0
20161211,0.0,-1.0,-1.0,0.0,0.0,1.0,-1.0,0.0,0.0,1.0,1.0,0.0,0.0,1.0,0.0,0.0,1.0,0.0,0.0,0.0,0.0,-1.0,0.0,0.0,0.0,-1.0,0.0,0.0,0.0,0.0,0.0,0.0,0.0
20161218,0.0,-1.0,-1.0,0.0,0.0,1.0,0.0,-1.0,0.0,0.0,1.0,0.0,0.0,0.0,1.0,0.0,1.0,0.0,-1.0,0.0,0.0,-1.0,0.0,0.0,1.0,0.0,0.0,0.0,0.0,0.0,0.0,0.0,0.0
20161225,0.0,-1.0,-1.0,0.0,0.0,0.0,-1.0,0.0,0.0,1.0,1.0,0.0,0.0,0.0,1.0,0.0,1.0,0.0,-1.0,0.0,0.0,-1.0,0.0,0.0,1.0,0.0,0.0,0.0,0.0,0.0,0.0,0.0,0.0
20170101,0.0,-1.0,-1.0,0.0,0.0,0.0,-1.0,0.0,0.0,0.0,1.0,0.0,0.0,1.0,1.0,0.0,0.0,1.0,0.0,0.0,0.0,-1.0,0.0,0.0,1.0,-1.0,0.0,0.0,0.0,0.0,0.0,0.0,0.0
20170108,0.0,-1.0,-1.0,0.0,0.0,0.0,-1.0,0.0,0.0,0.0,1.0,-1.0,0.0,1.0,1.0,0.0,1.0,0.0,0.0,0.0,0.0,-1.0,0.0,0.0,1.0,0.0,0.0,0.0,0.0,0.0,0.0,0.0,0.0
20170115,0.0,-1.0,0.0,0.0,-1.0,0.0,-1.0,0.0,0.0,1.0,1.0,-1.0,0.0,1.0,0.0,0.0,1.0,0.0,0.0,0.0,0.0,-1.0,0.0,0.0,1.0,0.0,0.0,0.0,0.0,0.0,0.0,0.0,0.0
20170122,0.0,-1.0,0.0,-1.0,0.0,1.0,0.0,-1.0,0.0,1.0,1.0,0.0,0.0,0.0,0.0,0.0,1.0,0.0,0.0,0.0,0.0,-1.0,0.0,0.0,1.0,-1.0,0.0,0.0,0.0,0.0,0.0,0.0,0.0
20170129,0.0,-1.0,-1.0,0.0,0.0,0.0,0.0,0.0,0.0,0.0,0.0,-1.0,1.0,1.0,-1.0,0.0,0.0,1.0,0.0,0.0,0.0,-1.0,0.0,0.0,1.0,1.0,0.0,0.0,0.0,0.0,0.0,0.0,0.0
20170205,-1.0,-1.0,-1.0,0.0,0.0,0.0,0.0,0.0,1.0,0.0,0.0,-1.0,0.0,1.0,0.0,0.0,1.0,1.0,0.0,0.0,0.0,-1.0,0.0,0.0,1.0,0.0,0.0,0.0,0.0,0.0,0.0,0.0,0.0
20170212,0.0,-1.0,0.0,0.0,0.0,0.0,0.0,-1.0,0.0,0.0,1.0,0.0,-1.0,1.0,0.0,0.0,0.0,1.0,-1.0,0.0,0.0,-1.0,0.0,0.0,1.0,1.0,0.0,0.0,0.0,0.0,0.0,0.0,0.0
20170219,0.0,-1.0,-1.0,0.0,0.0,0.0,-1.0,-1.0,0.0,0.0,0.0,0.0,1.0,1.0,0.0,0.0,0.0,1.0,0.0,0.0,0.0,-1.0,0.0,0.0,1.0,1.0,0.0,0.0,0.0,0.0,0.0,0.0,0.0
20170226,0.0,-1.0,-1.0,0.0,0.0,0.0,-1.0,-1.0,0.0,0.0,1.0,0.0,1.0,1.0,0.0,0.0,0.0,0.0,0.0,0.0,0.0,-1.0,0.0,0.0,1.0,1.0,0.0,0.0,0.0,0.0,0.0,0.0,0.0
20170305,0.0,-1.0,0.0,0.0,0.0,-1.0,0.0,-1.0,0.0,0.0,0.0,0.0,1.0,1.0,0.0,0.0,-1.0,1.0,0.0,1.0,0.0,-1.0,0.0,0.0,1.0,0.0,0.0,0.0,0.0,0.0,0.0,0.0,0.0
20170312,0.0,-1.0,0.0,0.0,0.0,-1.0,-1.0,0.0,0.0,0.0,0.0,0.0,0.0,1.0,1.0,0.0,0.0,1.0,0.0,0.0,0.0,-1.0,0.0,-1.0,1.0,1.0,0.0,0.0,0.0,0.0,0.0,0.0,0.0
20170319,0.0,-1.0,-1.0,0.0,1.0,0.0,-1.0,-1.0,0.0,0.0,0.0,0.0,0.0,1.0,1.0,0.0,0.0,0.0,0.0,0.0,0.0,0.0,0.0,-1.0,1.0,1.0,0.0,0.0,0.0,0.0,0.0,0.0,0.0
20170326,0.0,-1.0,0.0,0.0,1.0,-1.0,-1.0,0.0,-1.0,0.0,0.0,0.0,1.0,1.0,0.0,0.0,-1.0,1.0,0.0,0.0,0.0,0.0,0.0,0.0,1.0,0.0,0.0,0.0,0.0,0.0,0.0,0.0,0.0
20170402,0.0,-1.0,0.0,0.0,0.0,-1.0,0.0,0.0,-1.0,0.0,0.0,0.0,1.0,1.0,0.0,0.0,-1.0,1.0,0.0,0.0,0.0,-1.0,0.0,0.0,1.0,1.0,0.0,0.0,0.0,0.0,0.0,0.0,0.0
20170409,0.0,0.0,0.0,0.0,1.0,-1.0,0.0,-1.0,-1.0,0.0,0.0,0.0,1.0,1.0,0.0,0.0,-1.0,0.0,0.0,0.0,0.0,0.0,0.0,-1.0,1.0,1.0,0.0,0.0,0.0,0.0,0.0,0.0,0.0
20170416,0.0,0.0,0.0,0.0,1.0,-1.0,0.0,-1.0,-1.0,0.0,0.0,0.0,1.0,1.0,0.0,0.0,-1.0,1.0,0.0,0.0,0.0,-1.0,0.0,0.0,1.0,0.0,0.0,0.0,0.0,0.0,0.0,0.0,0.0
20170423,0.0,0.0,0.0,0.0,1.0,-1.0,-1.0,0.0,-1.0,0.0,0.0,0.0,1.0,1.0,0.0,0.0,-1.0,0.0,0.0,1.0,0.0,0.0,0.0,0.0,1.0,-1.0,0.0,0.0,0.0,0.0,0.0,0.0,0.0
20170430,0.0,0.0,0.0,0.0,0.0,-1.0,0.0,0.0,-1.0,-1.0,-1.0,0.0,1.0,1.0,0.0,0.0,-1.0,0.0,0.0,1.0,1.0,0.0,0.0,0.0,1.0,0.0,0.0,0.0,0.0,0.0,0.0,0.0,0.0
20170507,0.0,0.0,0.0,0.0,0.0,-1.0,0.0,0.0,-1.0,-1.0,-1.0,0.0,0.0,1.0,0.0,0.0,-1.0,1.0,0.0,1.0,1.0,0.0,0.0,0.0,1.0,0.0,0.0,0.0,0.0,0.0,0.0,0.0,0.0
20170514,0.0,0.0,0.0,0.0,1.0,-1.0,-1.0,-1.0,0.0,0.0,0.0,0.0,1.0,1.0,1.0,0.0,0.0,0.0,0.0,0.0,0.0,-1.0,-1.0,0.0,1.0,0.0,0.0,0.0,0.0,0.0,0.0,0.0,0.0
20170521,-1.0,0.0,0.0,0.0,1.0,0.0,-1.0,-1.0,0.0,0.0,0.0,0.0,0.0,1.0,1.0,0.0,0.0,1.0,0.0,0.0,0.0,-1.0,-1.0,0.0,1.0,0.0,0.0,0.0,0.0,0.0,0.0,0.0,0.0
20170528,-1.0,0.0,0.0,0.0,1.0,0.0,-1.0,0.0,1.0,0.0,0.0,0.0,0.0,1.0,0.0,0.0,0.0,1.0,0.0,0.0,0.0,-1.0,-1.0,0.0,1.0,-1.0,0.0,0.0,0.0,0.0,0.0,0.0,0.0
20170604,0.0,0.0,0.0,0.0,1.0,0.0,-1.0,-1.0,0.0,-1.0,0.0,0.0,0.0,1.0,0.0,0.0,0.0,1.0,0.0,0.0,0.0,-1.0,-1.0,0.0,1.0,1.0,0.0,0.0,0.0,0.0,0.0,0.0,0.0
20170611,0.0,-1.0,0.0,0.0,1.0,0.0,-1.0,-1.0,0.0,-1.0,0.0,0.0,0.0,1.0,1.0,0.0,0.0,1.0,0.0,0.0,0.0,-1.0,0.0,0.0,0.0,1.0,0.0,0.0,0.0,0.0,0.0,0.0,0.0
20170618,0.0,-1.0,-1.0,0.0,1.0,0.0,0.0,0.0,0.0,0.0,0.0,0.0,-1.0,1.0,1.0,0.0,0.0,1.0,0.0,0.0,0.0,-1.0,-1.0,0.0,1.0,0.0,0.0,0.0,0.0,0.0,0.0,0.0,0.0
20170625,0.0,-1.0,0.0,0.0,1.0,0.0,0.0,0.0,0.0,0.0,0.0,-1.0,0.0,1.0,1.0,-1.0,0.0,1.0,0.0,0.0,0.0,-1.0,-1.0,0.0,1.0,0.0,0.0,0.0,0.0,0.0,0.0,0.0,0.0
20170702,1.0,0.0,0.0,0.0,0.0,-1.0,0.0,0.0,0.0,-1.0,-1.0,0.0,-1.0,1.0,0.0,0.0,-1.0,1.0,1.0,1.0,0.0,0.0,0.0,0.0,0.0,0.0,0.0,0.0,0.0,0.0,0.0,0.0,0.0
20170709,0.0,0.0,0.0,1.0,0.0,-1.0,0.0,0.0,0.0,-1.0,-1.0,0.0,0.0,1.0,0.0,1.0,-1.0,0.0,0.0,0.0,0.0,1.0,0.0,1.0,0.0,-1.0,0.0,0.0,0.0,0.0,0.0,0.0,0.0
20170716,0.0,0.0,0.0,0.0,0.0,-1.0,0.0,0.0,0.0,-1.0,-1.0,0.0,0.0,1.0,0.0,0.0,-1.0,1.0,1.0,1.0,0.0,0.0,0.0,1.0,0.0,-1.0,0.0,0.0,0.0,0.0,0.0,0.0,0.0
20170723,0.0,0.0,0.0,0.0,0.0,0.0,0.0,0.0,0.0,-1.0,-1.0,0.0,-1.0,1.0,-1.0,1.0,0.0,1.0,0.0,1.0,0.0,1.0,0.0,0.0,0.0,-1.0,0.0,0.0,0.0,0.0,0.0,0.0,0.0
20170730,1.0,0.0,0.0,1.0,0.0,-1.0,0.0,0.0,-1.0,-1.0,-1.0,0.0,0.0,1.0,0.0,0.0,-1.0,0.0,1.0,0.0,0.0,1.0,0.0,0.0,0.0,0.0,0.0,0.0,0.0,0.0,0.0,0.0,0.0
20170806,1.0,-1.0,0.0,0.0,-1.0,-1.0,0.0,0.0,0.0,0.0,0.0,-1.0,0.0,1.0,0.0,0.0,-1.0,1.0,0.0,1.0,0.0,0.0,0.0,0.0,0.0,1.0,0.0,0.0,0.0,0.0,0.0,0.0,0.0
20170813,1.0,0.0,0.0,0.0,0.0,-1.0,0.0,0.0,-1.0,-1.0,0.0,0.0,-1.0,1.0,0.0,0.0,-1.0,1.0,0.0,1.0,1.0,0.0,0.0,0.0,0.0,0.0,0.0,0.0,0.0,0.0,0.0,0.0,0.0
20170820,0.0,0.0,0.0,0.0,1.0,-1.0,0.0,0.0,-1.0,0.0,0.0,0.0,0.0,1.0,-1.0,0.0,-1.0,1.0,0.0,1.0,0.0,0.0,0.0,-1.0,0.0,1.0,0.0,0.0,0.0,0.0,0.0,0.0,0.0
20170827,1.0,0.0,0.0,0.0,0.0,-1.0,0.0,0.0,-1.0,0.0,0.0,0.0,0.0,1.0,-1.0,1.0,-1.0,1.0,0.0,1.0,0.0,0.0,0.0,-1.0,0.0,0.0,0.0,0.0,0.0,0.0,0.0,0.0,0.0
20170903,1.0,0.0,0.0,0.0,0.0,-1.0,0.0,0.0,-1.0,0.0,0.0,0.0,-1.0,1.0,-1.0,0.0,-1.0,1.0,0.0,1.0,0.0,0.0,0.0,0.0,1.0,0.0,0.0,0.0,0.0,0.0,0.0,0.0,0.0
20170910,0.0,-1.0,-1.0,0.0,0.0,0.0,0.0,0.0,0.0,0.0,1.0,0.0,-1.0,1.0,-1.0,0.0,0.0,1.0,0.0,1.0,0.0,0.0,-1.0,0.0,0.0,1.0,0.0,0.0,0.0,0.0,0.0,0.0,0.0
20170917,0.0,-1.0,-1.0,0.0,0.0,0.0,0.0,-1.0,0.0,0.0,1.0,0.0,-1.0,1.0,0.0,0.0,0.0,1.0,0.0,1.0,0.0,0.0,-1.0,0.0,0.0,1.0,0.0,0.0,0.0,0.0,0.0,0.0,0.0
20170924,0.0,0.0,-1.0,0.0,1.0,0.0,0.0,0.0,0.0,0.0,0.0,0.0,-1.0,1.0,0.0,-1.0,0.0,1.0,0.0,1.0,0.0,0.0,-1.0,-1.0,0.0,1.0,0.0,0.0,0.0,0.0,0.0,0.0,0.0
20171001,1.0,-1.0,0.0,0.0,-1.0,0.0,0.0,0.0,0.0,0.0,0.0,0.0,-1.0,1.0,0.0,0.0,0.0,1.0,0.0,1.0,0.0,0.0,-1.0,-1.0,0.0,1.0,0.0,0.0,0.0,0.0,0.0,0.0,0.0
20171008,0.0,0.0,1.0,0.0,0.0,0.0,1.0,0.0,0.0,-1.0,-1.0,1.0,-1.0,0.0,0.0,1.0,-1.0,0.0,0.0,0.0,0.0,1.0,0.0,0.0,-1.0,0.0,0.0,0.0,0.0,0.0,0.0,0.0,0.0
20171015,0.0,0.0,0.0,0.0,0.0,-1.0,0.0,0.0,0.0,0.0,1.0,0.0,-1.0,1.0,0.0,0.0,0.0,0.0,0.0,1.0,0.0,-1.0,-1.0,-1.0,1.0,1.0,0.0,0.0,0.0,0.0,0.0,0.0,0.0
20171022,0.0,1.0,0.0,1.0,0.0,-1.0,0.0,0.0,0.0,-1.0,-1.0,0.0,-1.0,1.0,-1.0,0.0,0.0,1.0,0.0,0.0,0.0,1.0,0.0,0.0,0.0,0.0,0.0,0.0,0.0,0.0,0.0,0.0,0.0
20171029,0.0,0.0,0.0,1.0,0.0,-1.0,0.0,0.0,-1.0,0.0,0.0,1.0,0.0,1.0,-1.0,0.0,-1.0,0.0,0.0,1.0,0.0,1.0,0.0,0.0,0.0,-1.0,0.0,0.0,0.0,0.0,0.0,0.0,0.0
20171105,0.0,0.0,0.0,1.0,0.0,-1.0,0.0,0.0,-1.0,0.0,0.0,1.0,-1.0,1.0,-1.0,0.0,-1.0,1.0,0.0,0.0,0.0,1.0,0.0,0.0,0.0,0.0,0.0,0.0,0.0,0.0,0.0,0.0,0.0
20171112,0.0,0.0,0.0,1.0,-1.0,-1.0,0.0,1.0,0.0,0.0,0.0,1.0,-1.0,1.0,-1.0,0.0,-1.0,0.0,0.0,0.0,0.0,1.0,0.0,0.0,0.0,0.0,0.0,0.0,0.0,0.0,0.0,0.0,0.0
20171119,0.0,0.0,0.0,1.0,-1.0,-1.0,0.0,1.0,0.0,-1.0,0.0,1.0,-1.0,1.0,0.0,0.0,0.0,0.0,0.0,0.0,0.0,1.0,0.0,0.0,0.0,-1.0,0.0,0.0,0.0,0.0,0.0,0.0,0.0
20171126,0.0,0.0,0.0,1.0,-1.0,-1.0,0.0,0.0,0.0,0.0,0.0,0.0,-1.0,1.0,-1.0,0.0,0.0,1.0,1.0,0.0,0.0,1.0,0.0,0.0,0.0,-1.0,0.0,0.0,0.0,0.0,0.0,0.0,0.0
20171203,0.0,0.0,0.0,1.0,-1.0,-1.0,0.0,0.0,0.0,-1.0,0.0,0.0,-1.0,1.0,0.0,0.0,-1.0,1.0,1.0,0.0,0.0,1.0,0.0,0.0,0.0,0.0,0.0,0.0,0.0,0.0,0.0,0.0,0.0
20171210,0.0,0.0,0.0,1.0,-1.0,-1.0,0.0,0.0,0.0,-1.0,0.0,0.0,-1.0,1.0,-1.0,1.0,0.0,0.0,1.0,0.0,0.0,1.0,0.0,0.0,0.0,0.0,0.0,0.0,0.0,0.0,0.0,0.0,0.0
20171217,0.0,0.0,0.0,1.0,0.0,-1.0,0.0,0.0,-1.0,-1.0,0.0,1.0,-1.0,1.0,0.0,0.0,-1.0,1.0,0.0,0.0,0.0,1.0,0.0,0.0,0.0,0.0,0.0,0.0,0.0,0.0,0.0,0.0,0.0
20171224,0.0,0.0,0.0,0.0,0.0,-1.0,0.0,1.0,0.0,-1.0,-1.0,1.0,-1.0,1.0,0.0,1.0,-1.0,0.0,0.0,0.0,0.0,1.0,0.0,0.0,0.0,0.0,0.0,0.0,0.0,0.0,0.0,0.0,0.0
20171231,0.0,0.0,0.0,1.0,0.0,-1.0,0.0,0.0,-1.0,-1.0,0.0,1.0,-1.0,1.0,0.0,0.0,0.0,0.0,0.0,1.0,0.0,1.0,0.0,0.0,0.0,-1.0,0.0,0.0,0.0,0.0,0.0,0.0,0.0
20180107,0.0,0.0,0.0,0.0,0.0,1.0,0.0,0.0,1.0,1.0,1.0,0.0,-1.0,0.0,0.0,-1.0,1.0,0.0,0.0,-1.0,0.0,0.0,0.0,-1.0,0.0,-1.0,0.0,0.0,0.0,0.0,0.0,0.0,0.0
20180211,0.0,0.0,0.0,1.0,0.0,-1.0,0.0,0.0,0.0,0.0,0.0,0.0,-1.0,1.0,-1.0,1.0,-1.0,1.0,0.0,0.0,0.0,1.0,0.0,0.0,0.0,-1.0,0.0,0.0,0.0,0.0,0.0,0.0,0.0
20180218,0.0,0.0,0.0,1.0,0.0,-1.0,0.0,0.0,0.0,-1.0,0.0,0.0,-1.0,1.0,-1.0,1.0,-1.0,1.0,0.0,0.0,0.0,1.0,0.0,0.0,0.0,0.0,0.0,0.0,0.0,0.0,0.0,0.0,0.0
20180225,0.0,0.0,0.0,1.0,0.0,-1.0,0.0,0.0,0.0,0.0,0.0,1.0,-1.0,1.0,-1.0,1.0,-1.0,1.0,0.0,0.0,0.0,0.0,0.0,0.0,0.0,-1.0,0.0,0.0,0.0,0.0,0.0,0.0,0.0
20180304,0.0,0.0,0.0,1.0,0.0,-1.0,1.0,1.0,-1.0,0.0,0.0,0.0,-1.0,1.0,-1.0,0.0,-1.0,0.0,0.0,0.0,0.0,1.0,0.0,0.0,0.0,0.0,0.0,0.0,0.0,0.0,0.0,0.0,0.0
20180311,1.0,0.0,0.0,0.0,-1.0,-1.0,0.0,1.0,0.0,-1.0,0.0,0.0,-1.0,1.0,-1.0,0.0,0.0,0.0,0.0,1.0,0.0,1.0,0.0,0.0,0.0,0.0,0.0,0.0,0.0,0.0,0.0,0.0,0.0
20180318,1.0,1.0,0.0,1.0,0.0,-1.0,0.0,0.0,0.0,0.0,0.0,0.0,-1.0,1.0,-1.0,0.0,-1.0,0.0,0.0,0.0,0.0,1.0,0.0,0.0,0.0,-1.0,0.0,0.0,0.0,0.0,0.0,0.0,0.0
20180325,0.0,1.0,0.0,1.0,0.0,-1.0,1.0,0.0,-1.0,0.0,0.0,0.0,-1.0,1.0,-1.0,0.0,-1.0,0.0,0.0,0.0,0.0,1.0,0.0,0.0,0.0,0.0,0.0,0.0,0.0,0.0,0.0,0.0,0.0
20180401,0.0,0.0,0.0,1.0,0.0,-1.0,1.0,0.0,-1.0,0.0,0.0,0.0,-1.0,1.0,-1.0,0.0,-1.0,0.0,0.0,0.0,0.0,1.0,0.0,1.0,0.0,0.0,0.0,0.0,0.0,0.0,0.0,0.0,0.0
20180408,0.0,1.0,0.0,1.0,0.0,-1.0,0.0,0.0,-1.0,0.0,0.0,0.0,-1.0,1.0,-1.0,0.0,-1.0,0.0,0.0,1.0,0.0,1.0,0.0,0.0,0.0,0.0,0.0,0.0,0.0,0.0,0.0,0.0,0.0
20180415,1.0,0.0,0.0,1.0,0.0,-1.0,0.0,0.0,-1.0,0.0,0.0,0.0,-1.0,1.0,-1.0,0.0,-1.0,0.0,0.0,1.0,0.0,1.0,0.0,0.0,0.0,0.0,0.0,0.0,0.0,0.0,0.0,0.0,0.0
20180422,1.0,0.0,0.0,1.0,0.0,-1.0,0.0,0.0,-1.0,0.0,0.0,0.0,-1.0,1.0,-1.0,0.0,-1.0,0.0,0.0,1.0,0.0,1.0,0.0,0.0,0.0,0.0,0.0,0.0,0.0,0.0,0.0,0.0,0.0
20180429,0.0,0.0,1.0,1.0,0.0,-1.0,0.0,0.0,-1.0,0.0,0.0,0.0,-1.0,1.0,-1.0,0.0,-1.0,0.0,0.0,1.0,0.0,1.0,0.0,0.0,0.0,0.0,0.0,0.0,0.0,0.0,0.0,0.0,0.0
